title,preview
Join NASA for the Launch of the Mars 2020 Perseverance Rover,"No matter where you live, choose from a menu of activities to join NASA as we ""Countdown to Mars"" and launch the Perseverance rover to the Red Planet."
NASA Moves Forward With Campaign to Return Mars Samples to Earth,"During this next phase, the program will mature critical technologies and make critical design decisions as well as assess industry partnerships."
NASA's MAVEN Observes Martian Night Sky Pulsing in Ultraviolet Light,"Vast areas of the Martian night sky pulse in ultraviolet light, according to images from NASA’s MAVEN spacecraft. The results are being used to illuminate complex circulation patterns in the Martian atmosphere."
NASA's Perseverance Rover Bringing 3D-Printed Metal Parts to Mars,"For hobbyists and makers, 3D printing expands creative possibilities; for specialized engineers, it's also key to next-generation spacecraft design."
NASA's Curiosity Keeps Rolling As Team Operates Rover From Home,The team has learned to meet new challenges as they work remotely on the Mars mission.
"NASA, ULA Launch Mars 2020 Perseverance Rover Mission to Red Planet","The agency's Mars 2020 mission is on its way. It will land at Jezero Crater in about seven months, on Feb. 18, 2021. "
Alabama High School Student Names NASA's Mars Helicopter,"Vaneeza Rupani's essay was chosen as the name for the small spacecraft, which will mark NASA's first attempt at powered flight on another planet."
Air Deliveries Bring NASA's Perseverance Mars Rover Closer to Launch,A NASA Wallops Flight Facility cargo plane transported more than two tons of equipment — including the rover's sample collection tubes — to Florida for this summer's liftoff.
NASA to Reveal Name of Its Next Mars Rover,"After a months-long contest among students to name NASA's newest Mars rover, the agency will reveal the winning name — and the winning student — this Thursday. "
NASA Perseverance Mars Rover Scientists Train in the Nevada Desert,"Team members searched for signs of ancient microscopic life there, just as NASA's latest rover will on the Red Planet next year."
NASA's Mars Rover Drivers Need Your Help,"Using an online tool to label Martian terrain types, you can train an artificial intelligence algorithm that could improve the way engineers guide the Curiosity rover."
How NASA's Mars Helicopter Will Reach the Red Planet's Surface,"The small craft will seek to prove that powered, controlled flight is possible on another planet. But just getting it onto the surface of Mars will take a whole lot of ingenuity."
NASA's New Mars Rover Will Use X-Rays to Hunt Fossils,"PIXL, an instrument on the end of the Perseverance rover's arm, will search for chemical fingerprints left by ancient microbes."
Mars 2020 Stands on Its Own Six Wheels,"In time-lapse video, taken at JPL, captures the first time NASA's Mars 2020 rover carries its full weight on its legs and wheels."
NASA Engineers Checking InSight's Weather Sensors,An electronics issue is suspected to be preventing the sensors from sharing their data about Mars weather with the spacecraft.
